libellé index,_2020_12,_2020_11,_2020_10,_2020_09,_2020_08,_2020_07,_2020_06,_2020_05,_2020_04,_2020_03,_2020_02,_2020_01,_2019_12,_2019_11,_2019_10,_2019_09,_2019_08,_2019_07,_2019_06,_2019_05,_2019_04,_2019_03,_2019_02,_2019_01,_2018_12,_2018_11,_2018_10,_2018_09,_2018_08,_2018_07,_2018_06,_2018_05,_2018_04,_2018_03,_2018_02,_2018_01,_2017_12,_2017_11,_2017_10,_2017_09,_2017_08,_2017_07,_2017_06,_2017_05,_2017_04,_2017_03,_2017_02,_2017_01,_2016_12,_2016_11,_2016_10,_2016_09,_2016_08,_2016_07,_2016_06,_2016_05,_2016_04,_2016_03,_2016_02,_2016_01,_2015_12,_2015_11,_2015_10,_2015_09,_2015_08,_2015_07,_2015_06,_2015_05,_2015_04,_2015_03,_2015_02,_2015_01,_2014_12,_2014_11,_2014_10,_2014_09,_2014_08,_2014_07,_2014_06,_2014_05,_2014_04,_2014_03,_2014_02,_2014_01,_2013_12,_2013_11,_2013_10,_2013_09,_2013_08,_2013_07,_2013_06,_2013_05,_2013_04,_2013_03,_2013_02,_2013_01,_2012_12,_2012_11,_2012_10,_2012_09,_2012_08,_2012_07,_2012_06,_2012_05,_2012_04,_2012_03,_2012_02,_2012_01
Règlements de compte entre malfaiteurs,0,0,0,0,0,0,0,0,0,0,0,0,0,0,0,0,0,0,0,0,0,0,0,0,0,0,0,0,0,0,0,0,0,0,0,0,0,0,0,0,0,0,0,0,0,0,0,0,0,0,0,0,0,0,0,0,0,0,0,0,0,0,0,0,0,0,0,0,0,0,0,0,0,0,0,0,0,0,0,0,0,0,0,0,0,0,0,0,0,0,0,0,0,0,0,0,0,0,0,0,0,0,0,0,0,0,0,0
Homicides pour voler et à l'occasion de vols,0,0,0,0,0,0,0,0,0,0,0,0,0,0,0,0,0,0,0,0,0,1,0,0,0,0,0,0,0,0,0,0,0,0,0,0,0,0,0,0,0,0,0,0,0,0,0,0,0,0,0,0,1,0,0,0,0,0,0,0,0,0,0,0,0,0,0,0,0,0,0,0,0,0,0,0,0,0,0,0,0,0,0,0,0,0,0,0,0,0,0,0,0,0,0,0,0,0,0,0,0,0,0,0,0,0,0,0
Homicides pour d'autres motifs,0,0,1,0,0,0,0,1,0,0,0,0,0,1,0,1,0,0,1,0,0,0,0,1,0,0,1,0,0,2,0,0,0,1,0,0,0,0,1,0,4,0,0,0,0,0,0,2,0,0,0,0,0,0,1,0,0,1,1,0,0,0,0,0,0,0,0,0,2,1,1,0,0,1,0,2,0,1,0,0,1,0,1,0,0,0,0,0,0,0,0,0,2,0,1,0,0,1,0,0,0,0,1,0,0,0,0,0
Tentatives d'homicides pour voler et à l'occasion de vols,0,0,0,0,0,0,0,0,0,0,0,0,0,0,0,0,0,0,0,0,0,0,0,0,0,0,0,0,0,0,0,0,0,0,0,1,0,0,0,0,0,0,0,0,0,0,0,0,0,0,0,0,0,0,0,0,0,0,0,0,0,0,0,0,0,0,0,0,0,0,0,0,0,0,0,0,0,0,0,0,0,0,0,0,0,0,0,0,0,0,0,0,0,0,0,0,0,0,0,0,0,0,1,0,0,0,0,0
Tentatives homicides pour d'autres motifs,0,1,1,0,3,0,1,0,3,0,0,0,2,0,0,0,0,1,0,0,0,1,0,2,0,1,0,2,0,1,0,1,3,0,1,1,0,0,0,1,1,0,2,5,2,0,1,0,1,0,1,1,0,3,1,3,4,0,0,0,0,0,1,1,0,1,0,0,2,0,2,0,0,0,0,1,0,1,0,2,0,0,0,1,0,0,2,0,0,1,0,1,0,0,0,0,0,0,2,0,0,0,0,1,0,0,1,0
Coups et blessures volontaires suivis de mort,0,0,0,0,0,0,0,0,0,1,1,0,0,0,1,0,0,0,0,0,0,0,0,0,0,0,0,0,0,0,0,1,0,0,0,1,0,1,0,0,0,0,0,0,0,0,0,0,0,0,1,0,0,0,0,0,0,0,0,0,0,0,0,1,0,0,0,1,0,0,0,0,0,0,0,0,1,0,0,0,0,0,0,0,0,0,0,0,0,0,0,0,0,0,0,1,0,0,0,0,0,0,0,0,0,0,0,0
Autres coups et blessures volontaires criminels ou correctionnels,111,127,148,167,139,154,160,135,131,107,123,134,138,135,155,174,126,170,146,145,138,151,71,103,117,126,114,136,137,161,130,146,142,143,101,112,112,110,155,121,111,134,132,129,123,99,89,138,107,155,103,117,96,114,128,135,102,120,117,137,130,111,114,123,102,156,153,134,133,129,92,98,122,128,132,128,107,138,118,121,105,101,115,109,114,109,105,126,95,100,104,105,93,109,106,96,87,109,142,106,110,111,107,101,111,98,83,124
Prises d'otages à l'occasion de vols,0,0,0,0,0,0,1,0,0,0,1,0,0,0,0,0,0,0,0,0,2,1,0,0,0,0,0,0,1,0,0,0,0,0,0,0,0,0,0,0,0,0,0,0,0,0,0,0,0,1,1,0,0,0,0,0,0,0,0,0,0,0,0,0,0,1,1,0,0,0,0,0,0,0,0,0,0,0,0,0,0,0,0,0,0,0,0,0,0,0,1,0,0,0,1,0,0,0,0,0,0,0,0,0,0,0,0,0
Prises d'otages dans un autre but,0,0,1,1,0,0,0,0,0,0,0,0,0,0,0,0,0,0,0,0,0,0,0,1,0,0,1,0,0,0,0,0,0,0,0,0,0,0,0,0,0,0,0,0,0,0,0,0,0,0,0,0,0,0,0,0,0,0,0,0,0,0,0,0,0,0,0,0,0,0,0,0,0,0,0,0,0,0,0,0,0,0,0,0,1,0,0,0,0,0,0,0,0,0,0,0,0,0,0,0,0,0,0,0,0,0,0,0
Sequestrations,0,6,3,4,1,2,2,2,1,2,2,1,1,4,2,1,2,2,1,4,0,2,3,2,4,2,2,4,0,1,2,6,0,4,2,3,1,1,0,1,1,3,3,2,0,3,6,3,0,1,2,2,1,0,0,3,2,4,2,2,1,3,1,1,0,1,3,0,0,4,1,0,4,3,4,1,2,0,0,1,1,4,1,2,7,5,1,2,1,1,0,1,0,1,1,2,0,0,2,0,0,2,0,2,0,1,1,0
Menaces ou chantages pour extorsion de fonds,14,9,14,7,13,15,12,11,5,9,14,10,19,11,14,10,8,11,7,6,10,6,11,16,9,4,8,10,11,5,9,11,7,5,9,8,16,6,8,4,8,8,6,11,12,8,7,7,3,12,5,10,9,6,9,8,7,7,10,3,8,11,6,3,6,4,6,4,9,4,7,10,5,7,10,6,6,4,11,6,2,5,5,5,6,9,5,6,7,5,3,6,1,6,6,3,0,5,3,6,5,3,2,7,5,1,2,4
Menaces ou chantages dans un autre but,62,80,78,65,65,106,83,58,50,57,60,43,67,74,94,68,44,86,55,61,54,78,48,41,55,60,63,91,37,75,80,70,57,66,51,32,49,55,55,53,50,70,63,69,59,52,41,51,42,62,46,33,57,41,59,64,55,52,57,46,44,50,56,63,57,71,61,41,79,53,59,55,53,50,49,65,38,67,42,53,52,56,49,40,51,48,55,41,56,54,64,41,50,45,48,56,35,39,52,39,43,54,36,24,34,31,17,35
Atteintes à la dignité et à la personnalité,56,71,87,55,49,75,87,52,31,47,60,68,62,58,53,63,50,53,53,80,69,46,45,49,54,53,52,64,44,55,53,47,43,52,38,36,39,52,45,38,29,38,52,48,41,38,40,28,41,33,44,49,35,29,33,44,42,65,44,36,42,32,30,38,21,36,52,33,41,37,26,37,37,42,18,29,20,25,36,34,44,33,41,33,32,17,17,14,14,30,18,14,23,15,21,17,13,16,26,18,17,19,26,11,19,19,6,25
Violations de domicile,7,8,10,9,9,14,8,7,5,6,8,9,5,9,10,11,6,8,6,9,9,8,7,7,5,7,9,6,10,11,8,9,11,9,7,9,7,5,9,7,7,5,8,3,6,4,6,5,5,6,4,9,11,7,10,10,7,4,6,5,3,2,11,9,8,7,6,12,3,5,10,8,14,8,9,8,10,10,9,7,4,3,5,5,10,5,8,5,4,7,4,3,3,2,2,0,5,5,4,4,1,5,4,4,4,2,4,3
Vols à main armée contre des établissements financiers,0,0,0,0,0,0,0,0,0,0,1,1,0,0,0,0,0,0,0,0,0,1,0,0,0,0,0,0,0,0,0,0,0,0,0,0,1,0,0,0,0,0,0,0,0,0,0,0,0,0,0,0,0,0,0,0,0,0,0,0,0,0,0,0,0,0,0,0,0,0,0,0,0,0,0,0,0,0,0,0,0,0,0,0,0,0,0,0,0,0,1,0,0,0,0,0,0,0,0,0,0,0,0,0,0,0,0,0
Vols à main armée contre des établissements industriels ou commerciaux,0,0,2,2,0,0,1,0,0,0,1,0,1,1,3,0,1,0,2,0,1,0,1,0,1,0,0,1,1,2,0,0,1,0,0,1,0,0,0,3,0,0,0,0,0,0,0,0,3,0,0,2,0,0,0,2,2,1,0,3,2,0,2,3,1,3,0,1,2,0,0,3,1,4,2,0,3,1,2,0,2,0,1,0,3,0,2,4,0,2,1,0,2,0,3,5,1,3,0,1,1,0,1,0,3,2,3,3
Vols à main armée contre des entreprises de transports de fonds,0,0,0,0,0,0,0,0,0,0,0,0,0,0,0,0,0,0,0,0,0,0,0,0,0,0,0,0,0,0,0,0,0,0,0,0,0,0,0,0,0,0,1,0,0,0,0,0,0,0,0,0,0,0,0,0,0,0,0,0,0,0,0,0,0,0,0,0,0,0,0,0,0,0,0,0,0,0,0,0,0,0,0,0,0,0,0,0,0,0,0,0,0,0,0,0,0,0,0,0,0,0,0,0,0,0,0,0
Vols à main armée contre des particuliers à leur domicile,0,0,1,1,0,0,1,0,0,1,1,2,2,0,0,0,0,1,1,0,0,0,1,0,0,0,0,0,0,0,1,1,0,0,1,0,0,0,1,0,0,0,1,0,0,1,1,1,1,0,1,0,0,0,0,0,0,0,0,0,0,0,0,0,0,1,0,1,0,0,0,0,0,0,1,0,2,0,0,0,0,0,0,0,1,0,0,1,0,0,1,0,0,0,1,0,0,0,0,1,0,1,0,1,0,1,0,0
Autres vols à main armée,2,0,1,0,1,0,0,0,1,0,1,4,0,2,1,0,1,0,1,1,0,1,0,0,1,1,1,0,0,0,0,0,0,1,1,1,1,1,0,0,1,0,0,1,0,1,1,0,0,0,0,0,0,1,0,0,0,0,0,1,0,0,1,0,0,0,0,1,0,2,0,0,1,0,0,0,1,0,0,0,0,1,0,1,0,0,0,0,0,1,0,0,0,1,0,1,1,0,2,0,0,1,0,0,1,0,0,2
"Vols avec armes blanches contre des établissements financiers,commerciaux ou industriels",0,2,0,0,0,0,0,0,0,1,2,0,0,1,0,0,1,2,0,1,0,0,1,0,2,1,0,0,0,0,0,0,0,1,0,0,0,0,0,0,0,0,0,0,1,2,0,0,0,0,0,1,0,0,0,0,0,0,0,1,1,0,1,1,0,0,0,0,0,1,0,0,0,0,0,1,1,0,0,0,2,0,1,0,3,0,1,0,2,0,2,1,0,0,0,0,1,0,0,1,0,0,0,0,0,0,0,0
Vols avec armes blanches contre des particuliers à leur domicile,0,1,0,0,0,0,0,0,1,0,4,1,0,0,0,0,0,1,0,0,0,0,0,0,1,0,0,0,2,0,0,0,0,1,0,0,0,0,0,0,1,0,0,0,0,1,0,0,0,1,0,0,0,0,0,2,0,0,0,0,0,0,0,0,0,0,0,0,0,0,0,0,1,0,0,0,1,0,0,0,0,0,0,0,1,3,1,0,1,0,0,0,1,0,0,2,0,0,1,0,0,0,0,0,0,0,0,0
Autres vols avec armes blanches,0,0,2,2,0,1,1,0,0,1,1,1,4,7,2,2,1,0,1,1,0,2,1,2,1,1,0,3,1,3,0,2,2,0,0,2,1,0,0,0,1,2,2,2,7,0,0,0,1,4,2,0,1,0,3,0,0,0,0,0,1,2,2,1,2,3,0,0,0,1,0,0,1,0,0,1,2,2,2,0,1,1,1,2,4,1,0,1,1,1,3,1,0,1,2,0,1,1,0,1,2,1,0,4,3,2,3,4
"Vols violents sans arme contre des établissements financiers,commerciaux ou industriels",1,1,0,1,2,0,0,0,0,0,1,1,0,1,0,0,1,0,0,0,0,0,0,0,0,0,1,2,1,0,0,0,0,2,1,1,1,1,0,0,0,1,0,0,0,2,0,0,1,0,0,0,0,0,0,1,0,0,0,1,3,0,0,2,1,0,0,2,0,0,0,0,0,0,0,0,0,0,1,1,0,0,1,1,0,0,0,0,0,0,1,1,1,1,0,0,0,1,1,0,2,0,0,0,0,0,0,0
Vols violents sans arme contre des particuliers à leur domicile,0,4,1,0,1,1,1,1,0,1,1,1,2,1,1,3,1,0,0,0,3,3,0,1,2,1,0,0,0,0,2,0,0,0,0,0,2,3,0,0,2,1,0,0,0,3,0,2,2,2,1,1,1,2,2,1,1,1,0,0,0,0,1,1,0,1,1,1,0,0,1,0,1,0,3,1,2,0,1,0,0,2,0,2,1,1,2,0,1,2,0,0,0,1,1,1,0,0,1,1,1,0,0,1,0,0,0,2
Vols violents sans arme contre des femmes sur voie publique ou autre lieu public,3,1,5,4,4,5,4,2,4,4,5,3,5,8,8,9,3,5,6,6,9,7,9,10,5,7,3,4,10,7,4,8,5,6,3,4,9,5,7,8,6,10,6,10,1,7,4,1,5,5,8,7,5,5,7,6,5,5,3,5,5,4,2,2,3,4,2,6,4,5,7,3,3,4,0,5,4,6,5,6,4,8,2,6,7,6,7,8,7,8,5,5,4,7,13,1,2,5,8,3,3,7,10,5,12,9,5,3
Vols violents sans arme contre d'autres victimes,6,7,7,5,14,11,9,6,3,5,11,9,10,7,11,16,11,8,7,5,13,11,7,8,11,4,10,17,9,9,7,4,5,8,7,4,11,12,8,9,6,7,14,6,11,10,3,2,4,13,8,6,4,15,9,3,9,8,10,12,12,11,10,16,2,6,8,6,5,11,7,10,17,5,14,11,11,4,11,7,4,5,8,12,10,9,8,11,9,7,10,10,4,13,9,7,8,3,6,3,10,7,6,16,10,8,5,5
Cambriolages de locaux d'habitations principales,253,140,189,165,148,118,106,89,36,117,258,255,456,349,203,143,263,176,163,149,143,188,203,325,526,307,186,107,201,149,151,111,110,142,182,300,299,380,211,123,201,111,94,107,107,151,216,282,264,203,154,163,166,136,121,151,138,161,236,255,347,282,154,121,134,81,97,110,100,170,137,261,261,272,135,124,129,148,132,152,120,197,134,186,277,244,164,165,156,131,149,173,148,198,161,200,220,227,135,127,112,157,143,113,85,138,139,166
Cambriolages de résidences secondaires,22,31,19,14,11,22,20,26,13,19,24,27,39,32,20,28,21,27,21,23,26,24,19,29,21,27,19,23,16,23,22,14,19,29,23,33,31,38,17,24,22,27,21,26,28,14,19,20,15,17,17,17,13,8,19,23,19,13,29,21,22,21,22,11,17,18,13,19,14,23,27,17,23,29,24,12,12,26,23,40,29,24,17,26,17,15,21,11,26,16,11,21,14,21,10,10,26,18,16,14,6,17,16,15,11,12,12,18
"Cambriolages de locaux industriels, commerciaux ou financiers",62,52,85,79,71,76,75,61,44,55,78,94,99,94,88,54,76,103,64,72,79,87,75,89,93,102,89,63,80,78,72,84,69,66,72,73,70,77,100,79,89,76,47,54,56,85,68,60,83,84,56,81,90,99,73,84,97,109,91,84,101,68,114,96,78,89,68,95,90,51,60,82,50,64,81,54,73,62,74,50,60,48,57,47,54,78,60,65,71,81,82,72,63,66,51,64,50,74,63,62,57,79,45,65,57,65,57,55
Cambriolages d'autres lieux,22,35,29,31,24,22,74,27,24,21,27,19,25,30,18,18,14,39,46,39,27,58,22,34,53,45,31,28,42,28,49,39,37,33,35,45,39,25,67,40,27,35,41,49,37,28,33,50,31,48,38,27,41,32,37,45,47,55,41,39,37,27,42,28,28,68,55,76,45,51,30,41,38,41,47,39,51,43,35,47,32,58,52,51,58,40,43,30,47,40,41,29,22,62,32,36,32,35,25,44,35,50,39,33,36,32,22,31
Vols avec entrée par ruse en tous lieux,3,1,3,1,2,4,1,4,0,1,1,0,1,4,1,0,2,2,3,3,9,2,1,2,1,1,1,2,3,5,13,7,5,5,3,2,2,3,2,4,5,7,5,8,8,0,3,1,3,6,4,12,6,6,3,2,7,5,5,5,8,6,15,6,7,3,5,6,3,4,6,3,8,3,4,5,4,2,9,6,7,7,6,3,7,3,3,1,10,9,6,2,2,2,3,4,7,3,5,4,3,2,4,2,2,4,2,5
Vols à la tire,53,32,55,52,62,74,39,17,9,36,49,66,61,65,60,53,50,60,61,66,57,72,55,81,81,61,61,64,67,93,76,66,66,56,53,62,61,52,67,41,42,72,56,40,36,35,38,40,31,45,48,26,37,63,37,40,42,44,38,36,40,33,48,45,47,35,41,43,60,38,35,35,53,51,42,31,61,36,57,45,35,40,26,37,29,36,41,37,39,41,42,24,42,34,39,31,33,42,46,40,62,60,56,33,43,51,35,38
Vols à l'étalage,37,22,44,23,14,20,34,20,10,25,38,45,46,47,36,37,39,37,45,42,54,50,40,52,38,43,41,31,32,31,43,40,29,43,37,30,25,43,40,36,36,18,26,40,30,46,25,32,33,40,33,30,16,17,21,32,40,29,33,29,44,20,33,21,36,32,36,33,32,40,38,40,54,39,36,38,33,28,31,34,32,42,34,37,33,51,47,34,18,40,24,35,34,40,48,56,28,24,28,31,29,25,32,21,42,46,38,33
Vols de véhicules de transport avec frêt,0,0,1,0,0,0,0,0,0,0,0,0,0,0,0,0,0,0,0,0,0,1,0,0,0,0,0,0,0,0,0,0,0,0,0,0,0,0,0,0,0,0,0,1,0,0,0,0,0,0,0,0,0,0,0,0,0,0,1,0,0,1,1,0,0,0,0,1,1,2,1,0,0,0,0,0,0,1,1,0,1,2,0,0,1,0,1,1,1,0,0,0,0,0,0,0,0,0,0,0,0,0,0,0,1,1,0,0
Vols d'automobiles,55,42,43,57,61,65,58,53,17,39,67,61,74,96,73,86,58,76,86,71,82,107,86,77,85,104,87,61,68,65,77,106,78,79,67,78,55,70,93,68,54,53,56,57,66,53,55,60,62,84,85,64,55,102,69,84,102,89,96,94,94,74,81,78,65,74,100,91,77,85,75,88,67,81,71,73,67,79,62,70,63,67,71,59,61,58,57,57,60,53,61,57,52,68,62,77,90,77,72,53,60,69,61,77,65,87,67,92
Vols de véhicules motorisés à 2 roues,4,15,15,18,22,19,23,18,14,21,17,12,12,14,29,22,21,26,35,33,40,27,11,15,18,23,30,24,31,42,29,22,29,22,17,23,18,22,33,27,20,48,41,28,23,20,21,19,22,27,44,29,23,27,43,38,29,21,26,16,22,21,33,21,37,44,33,31,40,30,14,10,11,20,16,37,24,23,31,26,25,11,16,18,7,18,28,23,34,33,26,17,8,14,11,18,19,23,36,25,29,39,37,32,19,20,14,16
Vols à la roulotte,103,72,141,155,138,172,153,79,40,85,148,140,201,116,150,169,136,148,135,120,133,129,150,171,201,193,185,149,137,133,167,163,159,174,149,134,147,212,204,142,142,139,131,159,124,127,116,159,136,145,154,130,110,147,135,135,192,152,141,143,135,181,150,134,129,136,136,165,184,162,113,99,120,166,166,139,131,148,139,135,132,150,97,104,105,107,109,102,129,129,116,117,138,89,111,103,123,121,111,94,117,120,133,138,109,103,102,84
Vols d'accessoires sur véhicules à moteur immatriculés,55,55,62,47,81,63,63,45,25,45,68,50,53,78,124,74,44,75,81,84,100,66,62,91,79,70,87,76,70,79,86,63,77,58,58,49,39,71,64,70,62,51,78,88,77,89,57,77,64,88,85,72,60,62,89,129,82,89,79,71,106,98,85,76,73,58,75,72,88,94,77,57,56,90,79,91,86,66,91,85,86,115,60,114,81,87,122,52,78,81,98,78,67,80,100,88,65,89,83,61,69,64,71,59,48,65,45,37
Vols simples sur chantier,6,8,8,11,8,17,16,12,5,8,14,11,7,6,11,10,4,15,16,12,7,4,9,11,15,5,8,12,5,7,9,14,3,14,12,9,8,11,9,8,7,14,12,16,8,12,8,3,12,6,12,11,8,14,12,10,15,16,12,4,4,6,12,12,10,8,16,11,10,16,10,8,10,11,17,12,14,14,17,17,13,18,14,15,9,12,17,13,15,10,20,14,20,14,7,5,6,14,9,14,12,13,25,16,14,11,15,5
Vols simples sur exploitations agricoles,5,5,0,3,11,8,6,11,9,2,11,3,4,8,5,3,2,10,7,7,6,3,11,3,4,10,9,3,7,14,2,4,3,6,4,5,7,12,9,8,4,7,6,4,5,3,1,3,5,8,3,5,10,3,3,2,5,4,6,5,6,7,6,6,10,11,4,15,7,7,9,3,5,6,12,7,10,8,9,6,13,8,4,7,9,6,6,7,7,7,11,15,5,5,5,4,5,8,14,2,9,4,11,6,5,5,10,5
Autres vols simples contre des établissements publics ou privés,29,32,30,40,35,42,31,33,13,34,36,66,46,50,39,48,46,43,41,57,29,45,24,46,38,48,58,41,33,52,62,43,45,54,42,37,37,42,70,44,60,64,51,54,53,64,32,50,44,53,55,57,45,55,48,54,75,37,41,48,60,62,68,52,62,70,54,57,40,45,42,42,44,50,58,47,48,60,67,56,62,53,36,41,54,32,56,61,55,79,72,42,45,64,45,47,58,61,66,60,47,68,62,48,57,48,55,48
Autres vols simples contre des particuliers dans deslocaux privés,120,105,98,125,108,153,158,89,50,72,106,99,125,104,146,130,117,146,123,166,124,103,109,116,107,100,166,137,148,172,137,120,121,101,100,123,100,131,153,135,116,163,143,134,126,121,105,104,82,110,126,125,134,160,142,129,138,137,113,136,174,128,164,176,135,142,166,148,152,143,96,102,143,132,134,153,138,192,168,142,132,145,111,118,119,123,123,119,125,166,156,126,100,132,98,94,117,125,126,123,147,151,160,148,128,126,93,103
Autres vols simples contre des particuliers dans des locaux ou lieux publics,107,86,124,115,116,119,97,64,30,68,112,111,100,123,121,126,148,170,167,109,120,140,119,128,115,119,148,150,141,170,139,148,136,142,144,127,136,143,180,149,164,183,195,159,138,171,109,163,120,162,187,157,187,175,170,175,153,145,128,164,155,112,144,172,184,197,205,221,160,177,121,138,156,166,164,200,160,177,212,179,174,179,119,150,157,160,157,145,171,161,194,141,137,155,140,139,118,125,164,132,164,197,180,159,128,134,111,135
Recels,8,13,10,17,12,23,11,13,7,13,23,13,12,12,21,16,20,31,16,23,18,25,18,23,16,24,26,16,18,15,25,10,20,21,16,20,25,27,13,22,14,15,19,16,33,37,16,27,18,24,25,22,15,21,29,35,32,38,21,34,21,28,33,32,25,23,24,30,30,45,16,17,32,18,29,30,19,36,24,15,24,29,30,25,23,28,25,34,22,26,20,25,29,19,29,20,23,25,15,22,9,19,20,16,15,11,19,23
Proxénétisme,0,0,0,0,0,0,0,0,0,0,1,0,0,0,1,0,0,2,0,0,0,1,0,0,1,0,0,0,0,0,0,0,0,0,2,0,0,0,2,1,2,0,1,0,0,2,1,0,1,0,1,0,1,0,0,2,0,0,0,0,0,1,1,1,0,0,0,0,0,2,0,1,0,0,0,0,1,0,0,0,0,0,0,0,0,0,1,0,0,0,0,0,1,1,0,0,0,0,0,1,0,0,0,0,0,0,0,1
Viols sur des majeur(e)s,6,13,12,6,3,8,8,7,7,4,2,5,10,8,9,10,10,2,8,5,5,7,3,5,6,6,5,6,7,7,3,3,6,10,10,3,6,4,4,6,6,14,3,4,5,4,4,6,7,4,4,7,5,6,4,5,6,8,5,4,0,1,5,3,4,4,3,4,5,3,3,1,7,3,2,2,2,2,6,7,3,2,4,1,4,4,2,5,2,0,3,2,2,1,3,3,5,1,2,2,2,0,6,3,2,2,1,3
Viols sur des mineur(e)s,11,12,7,9,12,17,16,11,2,8,18,14,5,17,13,11,10,11,7,12,15,11,12,7,11,10,6,7,10,6,9,7,8,4,3,12,4,10,4,6,4,7,10,11,4,7,7,5,7,14,3,13,3,3,4,1,9,10,7,9,6,9,13,7,3,2,7,3,6,4,3,4,7,7,7,3,6,8,6,8,4,6,5,4,6,6,5,5,3,4,7,7,14,11,7,5,4,2,6,7,3,10,3,10,10,7,3,5
Harcèlements sexuels et autres agressions sexuelles contre des majeur(e)s,8,13,4,7,9,8,6,5,4,5,5,6,5,8,7,5,12,14,7,7,12,6,9,8,6,12,6,6,6,8,4,5,6,6,4,7,4,6,7,3,8,3,7,2,3,9,2,3,3,1,5,8,3,5,4,4,5,2,12,9,5,6,3,7,4,4,2,7,2,5,7,4,1,8,4,7,4,7,6,5,3,2,4,4,0,5,2,7,2,4,7,6,1,6,5,2,3,3,6,1,5,2,1,1,2,4,4,0
Harcèlements sexuels et autres agressions sexuelles contre des mineur(e)s,12,11,19,14,10,20,15,14,7,7,24,15,4,11,16,10,14,13,16,16,9,18,9,9,14,14,15,12,13,7,12,14,10,10,11,11,11,14,8,14,8,9,13,10,12,14,11,7,9,8,17,10,9,5,9,9,10,11,14,8,6,12,5,10,6,11,9,12,7,14,9,8,14,17,10,7,7,13,7,15,6,8,8,13,8,10,13,7,4,13,12,7,9,9,13,11,11,7,7,5,2,6,6,7,9,5,7,9
Atteintes sexuelles,12,9,12,12,10,13,18,9,6,10,6,9,19,6,8,7,11,4,14,12,13,6,7,10,8,6,12,9,5,16,11,12,4,15,9,14,7,4,16,9,11,3,9,9,7,6,4,10,4,9,2,8,5,6,8,6,9,3,7,8,10,12,6,5,10,10,7,7,8,5,4,11,6,6,12,9,11,5,11,8,11,7,2,5,6,4,9,6,11,10,10,9,7,3,6,5,5,3,6,4,8,5,4,8,5,3,8,9
Homicides commis contre enfants de moins de 15 ans,1,0,0,0,0,0,0,1,0,0,0,0,0,0,0,0,0,0,0,0,0,1,0,0,0,1,0,2,0,0,0,1,0,0,0,0,0,0,1,0,0,0,0,0,0,0,0,0,0,0,0,0,0,0,0,0,0,0,0,0,0,0,0,0,0,0,0,0,0,0,0,0,0,0,0,0,0,0,1,0,0,0,0,0,0,0,0,0,0,1,0,0,0,2,0,0,0,0,0,0,0,0,0,0,0,0,0,0
"Violences, mauvais traitements et abandons d'enfants.",49,36,32,54,25,25,44,20,23,25,29,35,35,49,49,33,24,46,40,37,36,48,26,41,22,31,35,40,30,21,42,36,38,30,20,29,25,32,38,29,11,26,32,38,35,29,36,23,24,16,38,25,10,10,31,32,25,32,29,30,21,37,18,31,18,19,26,24,17,16,11,14,17,19,14,21,18,12,16,18,21,17,17,20,22,10,15,14,11,10,20,13,19,11,21,18,14,14,12,11,13,11,25,15,10,11,10,16
Délits au sujet de la garde des mineurs,34,22,30,42,32,38,40,49,24,30,30,32,43,51,50,33,31,32,18,24,40,24,36,23,40,23,29,22,19,19,33,24,26,36,27,23,24,27,30,30,28,26,17,32,25,26,19,24,37,23,28,22,17,16,19,35,27,22,19,33,38,23,22,31,36,34,34,27,42,37,25,40,41,33,35,33,30,30,29,45,34,31,35,32,42,23,37,25,24,40,25,21,20,35,23,29,25,28,19,27,13,18,21,23,19,14,18,24
Non versement de pension alimentaire,8,7,18,20,10,5,10,6,1,9,10,13,10,16,20,15,9,13,12,9,6,10,13,11,19,19,19,23,22,14,22,28,14,14,18,19,14,12,21,22,17,11,11,13,16,18,17,19,12,21,11,22,4,15,19,12,9,19,15,22,18,24,23,22,17,20,20,28,14,26,18,22,20,20,24,15,20,21,15,20,21,23,15,19,16,16,21,23,27,21,23,18,22,12,13,12,10,23,17,15,14,14,22,17,11,14,16,19
Trafic et revente sans usage de stupéfiants,4,5,5,4,2,5,8,4,3,4,3,3,6,4,2,4,1,3,2,2,2,0,2,1,3,3,1,1,1,0,2,7,4,3,4,3,7,2,5,1,2,2,3,3,2,3,2,1,2,4,3,4,9,1,5,6,2,5,5,7,6,2,3,5,2,1,2,3,7,3,1,2,5,3,1,4,2,5,3,2,2,3,4,5,4,1,0,2,4,2,3,2,1,1,2,2,1,3,3,3,2,2,2,5,2,3,3,2
Usage-revente de stupéfiants,11,17,6,9,1,4,30,5,7,3,23,6,2,11,6,4,4,8,13,6,8,6,0,27,3,12,3,4,0,8,6,2,8,9,10,10,5,11,15,7,3,5,3,24,12,8,12,22,24,8,12,12,6,9,67,15,14,18,3,10,14,14,5,20,10,11,49,29,6,12,12,3,18,3,5,4,5,30,7,9,41,8,23,4,15,3,12,12,7,25,20,27,16,7,14,31,4,5,11,7,17,8,9,27,17,25,19,2
Usage de stupéfiants,87,106,116,105,69,63,103,110,62,66,112,74,71,66,117,92,97,93,80,93,113,142,80,104,65,119,115,108,60,110,84,90,70,120,91,99,92,74,122,92,114,80,119,84,99,154,90,134,100,80,127,118,112,52,89,172,124,180,95,167,147,118,112,86,45,72,91,156,104,121,76,77,157,74,117,91,95,116,116,194,96,106,120,103,117,72,110,113,58,90,116,82,117,142,121,135,116,115,111,92,73,51,96,34,75,92,61,72
Autres infractions à la législation sur les stupéfiants,2,2,5,2,3,3,2,1,4,0,3,2,0,2,2,2,3,1,1,3,1,3,2,4,3,0,1,2,1,1,1,5,1,2,0,1,3,0,3,0,1,6,2,3,5,5,3,5,7,2,3,12,13,6,11,14,8,15,4,10,4,10,8,7,5,10,12,5,14,9,4,5,5,6,11,8,2,9,2,9,14,5,6,8,3,16,13,13,7,7,6,4,9,11,3,6,4,11,15,10,10,9,11,9,5,7,6,7
Délits de débits de boissons et infraction à la règlementation sur l'alcool et le tabac,0,2,0,0,2,1,0,1,0,0,0,0,0,0,0,0,1,1,0,0,0,0,0,0,0,1,2,0,0,0,0,1,0,0,0,2,0,0,0,0,0,0,1,1,0,0,0,0,0,1,0,0,0,0,0,1,2,1,0,0,1,1,0,0,0,0,2,0,0,3,1,0,1,0,0,0,0,1,1,0,0,1,0,1,0,1,0,0,0,2,0,0,1,1,1,1,1,0,0,0,0,0,1,0,3,1,3,0
Fraudes alimentaires et infractions à l'hygiène,0,0,0,0,2,0,1,0,0,0,1,0,0,0,0,1,2,0,0,0,0,1,0,1,1,0,0,0,0,0,0,0,0,0,1,1,0,0,0,4,0,1,1,0,0,1,1,1,0,0,2,0,0,0,0,0,0,0,0,0,0,0,0,2,0,0,0,0,1,0,0,0,1,1,0,0,0,0,0,0,0,1,0,1,0,1,0,0,0,0,0,0,0,0,0,0,0,2,0,0,0,1,0,0,1,0,0,0
Autres délits contre santé publique et la réglementation des professions médicales,2,0,0,2,0,3,0,9,32,1,0,0,0,2,0,0,0,0,0,0,0,0,0,1,0,0,0,0,1,0,0,1,0,0,5,6,5,13,10,0,0,0,0,0,0,0,0,0,1,0,0,0,1,0,0,0,0,0,0,1,0,0,0,0,0,0,1,2,0,0,0,1,0,0,0,0,0,0,0,0,0,1,0,0,0,1,0,1,0,1,0,1,1,0,0,0,0,0,0,0,0,0,0,0,0,0,0,0
Incendies volontaires de biens publics,2,14,11,4,11,25,14,7,13,3,2,14,3,10,4,9,5,28,17,9,9,8,10,12,18,12,9,11,7,25,7,8,8,7,6,8,6,5,13,10,16,11,4,13,12,11,6,4,3,2,5,11,8,11,8,4,4,4,2,2,2,5,0,3,2,3,5,4,3,3,1,2,5,5,4,1,3,1,3,0,9,2,8,4,4,4,3,7,5,7,2,4,3,4,1,2,2,4,4,3,2,6,0,3,3,2,1,0
Incendies volontaires de biens privés,20,29,27,13,24,34,13,22,22,9,21,21,23,27,25,22,13,50,22,28,28,18,19,17,51,22,37,21,18,39,19,20,28,12,27,22,16,13,22,17,45,27,26,34,25,24,23,16,20,14,15,24,16,27,35,14,14,12,13,12,12,18,7,12,20,17,16,16,20,15,14,11,15,15,16,9,14,26,19,8,13,23,10,15,16,10,13,12,19,17,14,13,9,11,13,11,15,11,9,11,10,15,6,10,11,14,7,15
Attentats à l'explosif contre des biens publics,0,2,0,0,0,0,0,0,0,0,0,0,0,0,0,0,0,0,0,0,0,0,0,0,0,0,0,0,0,0,0,0,0,0,0,0,0,0,0,0,0,0,0,0,0,0,0,0,0,0,0,0,0,0,0,0,0,0,0,0,1,0,0,0,0,0,0,0,0,0,0,0,0,0,0,0,0,0,0,0,0,0,0,0,0,0,0,0,0,0,0,0,0,1,0,0,0,0,0,0,0,0,0,0,0,0,0,0
Attentats à l'explosif contre des biens privés,0,0,0,0,0,0,0,0,0,0,0,0,0,0,0,0,0,0,0,0,0,0,0,0,0,0,0,0,0,0,0,0,0,0,0,0,0,0,0,0,0,0,0,0,0,0,0,0,0,0,0,0,0,0,0,0,0,0,0,0,0,0,0,0,0,0,0,0,0,0,0,0,0,0,0,0,0,0,0,0,0,0,0,0,0,0,0,0,0,0,0,0,0,0,0,0,0,0,0,0,0,0,0,0,0,0,0,0
Autres destructions er dégradations de biens publics,27,19,31,27,22,40,56,26,16,19,33,27,37,37,30,43,24,35,37,29,30,39,25,38,38,38,26,29,25,53,23,34,28,13,24,32,18,33,30,27,47,46,32,39,35,28,28,29,16,23,12,28,29,27,28,28,35,26,23,27,24,23,39,36,35,38,30,29,28,23,22,36,26,33,25,25,38,28,30,31,32,29,28,24,21,27,19,23,22,41,23,30,23,23,14,26,18,30,23,31,23,41,25,33,26,28,22,38
Autres destructions er dégradations de biens privés,39,68,56,48,63,84,65,42,48,45,66,60,52,59,64,67,49,63,53,63,57,54,35,33,55,50,39,24,39,49,29,36,46,47,49,64,38,56,59,51,43,56,55,32,36,37,35,45,38,38,44,39,49,46,35,38,43,39,35,39,28,35,48,47,32,51,39,45,35,35,23,28,37,44,42,37,37,48,32,48,48,30,35,42,34,37,24,30,38,45,28,34,37,39,30,32,26,37,42,35,32,42,32,39,29,27,22,33
Destructions et dégradations de véhicules privés,48,47,48,47,60,52,59,35,36,48,55,71,55,118,68,56,55,97,60,60,59,62,60,72,64,75,99,74,57,48,55,62,66,61,45,52,56,50,83,44,45,62,40,48,67,50,33,40,48,41,59,48,43,60,63,64,53,57,36,36,35,55,49,33,34,42,39,26,47,52,47,38,64,71,39,47,32,44,43,40,29,34,36,19,30,36,31,38,26,53,52,44,58,58,38,63,37,51,49,43,42,44,52,55,47,47,39,51
Infractions aux conditions générales d'entrée et de séjour des étrangers,0,0,0,0,1,0,0,0,0,0,1,1,0,1,1,1,1,1,0,0,1,0,0,1,0,4,1,5,6,4,1,1,2,2,1,3,2,0,2,1,3,2,3,0,2,3,2,1,2,4,5,4,5,2,3,3,4,2,5,6,1,10,9,14,10,7,7,17,18,3,9,5,9,11,18,18,22,19,15,17,29,23,30,23,19,10,18,9,11,20,18,28,15,24,24,29,27,66,103,66,60,58,86,69,102,102,86,74
"Aide à l'entrée, à la circulation et au séjour des étrangers",1,1,0,0,2,0,3,0,0,0,3,4,1,6,6,8,10,9,5,10,14,16,2,6,5,11,12,4,3,5,9,12,4,7,7,4,2,6,13,5,6,1,7,11,7,3,11,10,8,11,5,13,4,9,11,9,7,21,7,8,7,9,14,9,8,8,7,14,14,12,12,14,14,12,7,15,8,6,7,10,14,11,10,10,8,5,8,3,1,12,6,7,15,6,5,5,5,9,15,8,9,8,14,16,8,23,12,5
Autres infractions à la police des étrangers,1,1,0,2,0,1,0,0,1,1,1,1,1,0,0,0,0,1,1,2,2,3,0,2,1,2,2,2,2,3,2,3,2,0,3,0,0,2,0,2,1,0,0,1,1,0,0,3,0,5,1,2,2,3,0,1,1,0,1,3,2,3,2,0,0,0,0,2,0,2,1,4,1,3,5,1,4,0,2,0,2,4,2,3,4,1,5,2,1,2,4,2,5,2,3,0,0,2,3,2,1,0,1,1,0,0,0,1
Outrages à dépositaires autorité,15,19,27,15,28,19,21,22,27,26,13,6,15,11,19,24,8,26,18,20,17,15,29,22,32,18,19,10,19,17,15,14,16,13,13,15,8,15,17,12,11,19,22,12,14,10,8,14,13,12,18,9,16,11,14,16,18,13,14,10,17,13,18,10,18,20,26,16,17,17,21,23,27,23,20,20,14,16,13,23,17,21,12,19,19,13,12,15,17,21,17,19,21,16,14,25,16,15,15,22,13,16,15,7,13,13,15,12
Violences à dépositaires autorité,10,29,14,12,11,7,13,17,20,19,10,12,11,14,18,15,5,31,13,7,12,15,24,29,32,17,16,13,11,19,13,13,10,15,8,9,13,17,13,12,10,15,22,10,10,13,5,6,12,4,12,7,12,15,7,9,9,15,10,17,11,9,14,17,17,17,21,11,25,19,15,15,26,8,12,15,10,16,13,24,19,11,11,14,15,8,18,14,16,11,15,17,22,13,14,13,19,17,18,15,9,14,14,12,9,11,16,10
Port ou détention armes prohibées,13,15,6,10,12,20,7,10,9,15,17,9,17,12,11,18,14,20,11,11,13,18,9,11,14,11,21,18,16,13,14,13,11,11,8,16,8,13,15,11,8,15,9,13,13,7,10,12,11,11,13,11,10,7,22,13,10,10,13,14,10,19,15,9,7,10,11,17,10,15,7,19,22,10,16,19,13,11,19,12,14,14,18,12,12,9,9,15,13,15,7,21,23,15,10,14,15,13,15,13,3,10,3,10,16,14,11,13
Atteintes aux intérêts fondamentaux de la Nation,1,2,2,2,1,0,0,0,1,1,1,0,0,0,2,0,2,1,0,0,2,1,1,1,0,0,1,0,1,1,0,1,1,1,0,1,1,3,1,0,2,0,0,0,1,1,1,0,2,2,1,0,2,1,2,0,1,2,1,1,2,2,0,2,1,0,2,2,1,0,1,1,0,2,1,1,0,1,1,4,1,0,0,0,0,0,1,2,0,2,2,2,3,10,2,1,1,1,0,1,0,2,0,0,1,1,0,1
Délits des courses et des jeux,0,0,0,0,0,0,0,0,0,0,0,0,0,0,0,0,0,0,0,0,0,0,0,0,1,0,0,1,0,0,0,0,0,0,0,0,0,0,0,0,0,0,0,0,0,0,0,0,0,0,0,0,0,0,0,0,0,0,0,0,0,0,0,0,0,0,0,0,0,0,0,0,0,0,1,0,0,0,0,0,0,0,0,0,0,0,0,0,1,0,0,0,0,0,0,0,0,0,0,0,0,0,0,0,0,0,0,0
Délits interdiction de séjour et de paraître,0,2,1,0,0,0,0,0,0,1,0,2,0,1,0,0,0,0,0,0,0,1,0,1,0,0,1,0,0,2,0,1,0,0,1,0,0,0,0,3,0,1,1,1,0,0,0,0,0,1,0,0,0,0,0,0,1,1,1,0,0,0,0,0,1,0,1,0,2,2,1,0,0,1,0,0,1,1,0,0,0,0,0,0,0,1,1,0,1,0,0,0,0,0,0,3,1,1,2,0,1,1,1,0,0,0,1,0
"Destructions, cruautés et autres délits envers les animaux",5,4,5,10,14,3,3,3,3,4,4,3,1,1,3,2,5,2,3,2,3,5,4,6,2,3,5,8,4,2,2,4,6,0,4,4,2,3,5,3,2,4,3,1,4,1,3,1,1,3,6,4,3,3,4,2,0,3,3,4,3,5,2,1,3,1,5,3,4,5,0,2,2,4,3,4,2,7,2,4,2,0,3,1,1,0,2,1,3,3,2,1,4,0,1,0,0,0,2,1,2,4,2,2,3,2,3,2
Atteintes à l'environnement,2,2,2,2,0,2,1,1,4,2,4,6,2,1,1,3,3,2,2,2,4,4,3,1,6,2,1,1,0,0,1,3,1,4,2,0,0,3,2,0,3,0,1,1,3,2,1,1,2,1,2,1,1,1,0,3,1,1,2,0,1,0,2,3,3,1,4,1,2,0,0,2,2,2,3,0,1,1,0,1,0,3,5,4,4,3,7,2,1,2,0,1,3,0,2,2,0,2,1,0,2,2,1,0,2,4,0,4
Chasse et pêche,0,0,0,0,0,0,0,0,0,0,0,0,0,0,0,1,0,0,0,0,0,1,0,0,0,0,0,0,0,0,1,0,0,0,0,0,0,0,0,0,0,0,0,0,0,0,0,1,0,0,0,0,0,0,0,0,0,0,0,0,0,0,0,0,0,0,0,0,1,0,0,0,0,0,0,0,0,0,0,0,0,0,0,1,0,0,1,0,0,1,1,1,0,0,0,0,0,1,1,0,0,0,0,0,0,0,0,0
Faux documents d'identité,0,1,7,4,1,3,0,0,0,2,11,4,0,5,2,6,6,1,4,7,2,6,6,6,2,6,9,2,4,4,6,2,3,0,6,6,10,6,15,10,6,8,7,13,4,7,2,8,2,8,5,7,9,4,10,7,8,7,5,3,4,10,4,10,5,6,7,9,8,10,9,5,10,5,13,7,5,5,5,6,3,10,2,7,13,5,7,5,4,2,1,3,6,13,4,4,5,11,11,4,2,8,4,3,4,11,10,5
Faux documents concernant la circulation des véhicules,3,6,3,4,4,9,3,2,1,4,3,2,2,4,2,1,6,4,0,3,1,3,4,4,2,4,2,3,1,2,3,3,2,4,7,3,0,2,7,3,3,3,2,4,10,3,13,9,0,1,3,4,2,1,4,4,5,4,7,7,1,4,7,4,1,5,3,5,4,7,5,4,4,4,3,4,2,4,4,1,4,6,4,6,5,4,3,3,3,2,6,2,5,6,3,5,4,6,6,5,3,5,5,2,7,3,4,5
Autres faux documents administratifs,5,3,4,4,4,7,9,2,1,3,7,3,7,4,7,5,3,11,6,4,1,2,3,6,2,4,10,5,1,6,3,3,6,2,3,4,1,7,3,6,3,2,4,4,6,5,2,3,3,2,6,3,9,2,7,10,4,7,4,4,3,3,6,3,1,4,2,2,8,7,1,4,6,4,4,5,2,1,3,3,4,3,3,6,3,5,3,2,6,2,4,4,4,3,4,2,1,6,4,3,4,8,4,6,4,6,4,3
Faux en écriture publique et authentique,2,1,0,2,1,1,0,0,2,0,1,1,1,0,1,0,0,0,0,1,1,0,1,4,0,0,1,1,3,0,0,1,1,1,0,1,1,2,2,0,1,1,1,2,2,0,0,0,0,1,0,2,1,1,1,0,0,2,1,0,1,1,3,2,0,2,0,2,3,2,2,1,2,0,3,2,1,2,1,3,2,0,0,2,1,1,0,1,2,2,2,2,0,2,0,2,2,1,0,1,2,3,2,1,2,1,1,2
Autres faux en écriture,3,7,10,11,9,5,7,8,5,3,4,4,6,4,11,8,2,9,8,8,4,6,5,8,10,12,10,8,1,9,6,6,10,9,2,4,4,10,6,0,10,9,9,10,4,3,5,1,7,4,8,7,15,3,6,5,2,9,7,5,2,7,14,5,3,4,8,6,9,5,4,6,9,4,7,9,1,5,6,11,6,10,8,6,6,4,6,3,6,10,8,4,4,16,9,8,13,10,7,7,8,8,3,6,8,7,7,7
Fausse monnaie,0,1,1,1,2,2,5,1,0,4,4,10,7,3,2,3,2,4,1,2,2,3,1,4,4,2,3,4,1,2,3,0,10,6,2,4,2,2,0,4,5,1,6,1,4,1,3,1,3,2,3,5,1,1,2,2,7,1,4,3,3,3,1,2,1,3,1,5,4,6,1,0,4,1,1,1,0,1,0,0,1,0,2,1,0,1,2,1,1,0,0,0,1,1,2,1,0,1,7,2,0,1,0,0,0,3,2,6
Contrefaçons et fraudes industrielles et commerciales,0,0,1,1,0,0,1,7,2,1,3,3,0,2,0,3,0,2,0,1,0,2,1,0,1,0,0,0,0,1,0,6,1,1,5,1,2,0,0,0,0,5,1,0,2,1,2,0,0,0,2,1,2,1,4,2,0,2,0,3,6,5,6,1,6,0,5,1,1,3,1,0,1,3,0,0,0,0,0,0,0,1,12,2,2,1,3,0,0,0,2,0,2,0,2,1,2,3,2,1,0,2,1,0,1,1,0,0
Contrefaçons littéraires et artistique,1,0,0,0,0,0,0,0,0,0,0,0,0,1,0,0,1,0,0,0,6,0,0,0,0,0,0,1,0,0,0,0,0,0,0,0,0,0,0,0,0,0,0,0,0,0,0,0,0,1,0,0,0,0,0,0,0,0,0,0,0,0,0,0,22,0,0,0,0,0,0,0,0,3,0,0,0,0,0,0,0,0,0,0,0,0,0,0,0,0,0,1,0,0,0,0,0,0,0,0,0,0,0,0,0,0,0,0
Falsification et usages de chèques volés,26,10,10,21,35,79,4,7,2,27,84,16,51,12,46,20,38,91,45,13,87,17,14,15,21,40,53,18,46,26,37,16,9,30,12,46,38,22,22,15,32,17,12,52,9,30,19,30,14,11,18,12,65,10,20,24,20,13,9,13,20,12,84,29,22,29,621,28,47,22,11,12,29,17,16,13,83,52,28,27,18,13,94,12,42,25,180,12,27,18,45,23,30,15,19,38,44,46,30,19,17,32,12,64,22,12,6,15
Falsification et usages de cartes de crédit,29,24,35,29,28,41,26,10,6,15,25,22,37,28,34,17,18,23,29,13,7,16,20,17,23,22,18,19,22,14,13,14,17,22,20,14,10,12,29,14,7,10,11,19,14,11,11,13,8,15,16,6,5,24,18,15,16,33,7,12,10,14,12,18,7,5,12,10,9,16,19,13,7,8,14,6,9,16,17,11,16,20,3,16,6,16,19,11,10,11,8,6,12,10,13,8,10,11,19,7,12,11,13,10,7,9,9,4
Escroqueries et abus de confiance,283,245,261,260,282,225,257,198,97,115,204,237,205,199,224,219,144,219,166,170,183,177,170,202,157,168,170,167,152,168,166,167,149,166,169,166,160,166,171,138,179,215,142,126,154,154,124,156,147,151,149,124,143,132,142,121,153,182,131,147,160,155,162,142,175,142,144,124,163,141,139,127,192,124,154,115,127,151,147,122,148,105,230,177,162,117,165,119,129,129,123,125,114,136,80,112,131,107,124,95,112,152,102,129,102,102,117,114
Infractions à la législation sur les chèques,0,4,0,0,2,3,1,1,2,1,0,0,1,1,4,4,3,2,5,1,2,1,1,4,2,2,1,2,1,1,1,1,0,4,0,1,2,1,3,0,1,0,0,0,1,0,1,38,1,2,0,1,1,0,2,0,2,2,4,3,1,2,4,4,3,4,2,3,1,5,2,2,3,3,4,1,2,4,3,4,1,1,20,3,2,1,2,2,2,7,1,7,10,5,6,17,10,2,3,17,6,3,1,1,3,2,0,6
Travail clandestin,5,5,4,6,2,8,8,3,4,2,1,7,5,2,8,9,9,13,7,4,5,15,6,9,4,8,10,4,4,7,6,4,9,9,4,4,10,2,4,5,10,7,3,11,7,10,12,12,6,7,7,7,4,6,5,8,8,7,10,5,9,11,10,15,7,3,11,10,12,8,7,11,7,10,6,8,5,10,10,14,11,5,9,7,11,8,9,8,12,9,9,10,12,8,17,6,15,19,12,4,3,4,13,7,6,16,3,8
Emploi d'étranger sans titre de travail,0,0,1,0,0,0,2,0,0,1,0,0,2,1,2,3,9,5,2,2,4,7,5,5,0,2,3,3,3,4,3,2,7,3,1,2,2,1,3,5,4,2,2,7,5,5,10,10,2,5,3,2,1,1,3,1,3,5,6,6,5,2,5,3,2,2,2,4,5,3,3,10,5,2,0,1,3,2,5,1,4,2,1,2,2,3,3,1,0,6,4,5,8,0,5,3,2,4,7,5,3,1,4,3,3,12,2,2
Marchandage - prêt de main d'oeuvre,0,0,0,0,0,0,0,0,0,0,0,0,0,0,0,2,0,0,0,0,0,2,1,0,0,1,0,0,0,0,0,0,0,0,0,0,0,0,0,1,0,0,0,0,0,0,1,0,0,0,0,0,1,0,0,0,0,0,0,0,0,0,1,0,1,0,1,0,1,0,0,0,2,0,2,0,0,0,0,0,1,0,1,0,1,0,1,0,0,0,0,0,0,0,0,0,0,1,0,0,0,0,0,0,0,0,0,0
Index non utilisé,0,0,0,0,0,0,0,0,0,0,0,0,0,0,0,0,0,0,0,0,0,0,0,0,0,0,0,0,0,0,0,0,0,0,0,0,0,0,0,0,0,0,0,0,0,0,0,0,0,0,0,0,0,0,0,0,0,0,0,0,0,0,0,0,0,0,0,0,0,0,0,0,0,0,0,0,0,0,0,0,0,0,0,0,0,0,0,0,0,0,0,0,0,0,0,0,0,0,0,0,0,0,0,0,0,0,0,0
Index non utilisé,0,0,0,0,0,0,0,0,0,0,0,0,0,0,0,0,0,0,0,0,0,0,0,0,0,0,0,0,0,0,0,0,0,0,0,0,0,0,0,0,0,0,0,0,0,0,0,0,0,0,0,0,0,0,0,0,0,0,0,0,0,0,0,0,0,0,0,0,0,0,0,0,0,0,0,0,0,0,0,0,0,0,0,0,0,0,0,0,0,0,0,0,0,0,0,0,0,0,0,0,0,0,0,0,0,0,0,0
"Banqueroutes, abus de biens sociaux et autres délits de société",1,2,1,0,0,0,2,1,0,1,0,1,1,0,2,2,1,0,2,2,0,3,1,0,0,1,2,0,2,2,0,2,4,1,1,1,2,1,2,1,1,1,0,0,1,1,1,0,2,2,1,0,0,1,3,0,1,1,2,1,3,2,0,0,2,0,3,1,1,1,0,0,3,2,2,0,1,1,1,2,3,0,3,0,0,0,1,0,0,1,2,0,1,1,1,0,2,0,0,0,1,3,2,1,2,1,1,0
Index non utilisé,0,0,0,0,0,0,0,0,0,0,0,0,0,0,0,0,0,0,0,0,0,0,0,0,0,0,0,0,0,0,0,0,0,0,0,0,0,0,0,0,0,0,0,0,0,0,0,0,0,0,0,0,0,0,0,0,0,0,0,0,0,0,0,0,0,0,0,0,0,0,0,0,0,0,0,0,0,0,0,0,0,0,0,0,0,0,0,0,0,0,0,0,0,0,0,0,0,0,0,0,0,0,0,0,0,0,0,0
Index non utilisé,0,0,0,0,0,0,0,0,0,0,0,0,0,0,0,0,0,0,0,0,0,0,0,0,0,0,0,0,0,0,0,0,0,0,0,0,0,0,0,0,0,0,0,0,0,0,0,0,0,0,0,0,0,0,0,0,0,0,0,0,0,0,0,0,0,0,0,0,0,0,0,0,0,0,0,0,0,0,0,0,0,0,0,0,0,0,0,0,0,0,0,0,0,0,0,0,0,0,0,0,0,0,0,0,0,0,0,0
"Prix illicittes, publicité fausse et infractions aux règles de la concurrence",0,2,0,0,0,0,2,3,0,0,0,0,0,1,0,0,2,3,1,0,0,0,0,0,1,0,0,0,0,0,0,0,1,0,1,0,0,1,1,1,0,0,1,0,0,0,1,0,1,0,1,0,0,0,0,0,0,1,0,0,0,2,0,0,1,2,1,1,0,0,0,3,0,2,3,1,0,0,0,0,0,1,0,2,0,1,0,1,1,0,0,0,0,2,0,3,1,0,2,0,3,0,0,0,0,0,1,1
Achats et ventes sans factures,0,0,0,0,0,0,0,0,0,0,0,0,0,0,0,0,0,0,0,0,0,0,0,0,0,0,1,0,1,0,0,0,0,0,0,0,1,0,0,0,0,0,0,0,0,0,0,0,0,0,0,0,0,0,0,0,0,0,0,1,0,0,0,0,3,0,1,1,0,0,0,0,1,0,0,0,3,1,1,0,0,0,1,1,0,0,0,0,0,0,0,0,1,1,0,2,0,0,0,1,0,0,0,0,2,0,0,0
Infractions à l'exercice d'une profession règlementée,1,0,0,1,0,0,0,0,1,0,1,0,3,1,0,0,1,3,1,2,2,2,2,0,2,1,0,0,0,0,0,1,0,3,1,0,0,0,0,2,1,1,0,0,0,0,1,0,2,0,1,0,2,0,1,3,1,4,0,0,0,2,1,1,0,1,0,1,0,2,1,0,2,0,1,0,2,1,3,1,1,1,4,3,1,1,2,1,0,0,2,0,1,1,2,2,1,3,0,1,0,1,0,0,1,0,3,1
Infractions au droit de l'urbanisme et de la construction,3,4,1,6,5,6,2,2,1,3,5,4,6,2,7,8,5,2,1,3,5,1,5,3,2,2,5,1,7,7,1,0,2,5,3,1,1,3,3,1,3,5,4,2,2,4,2,5,3,6,3,1,3,2,4,3,1,3,0,5,2,1,0,1,1,2,1,2,5,6,3,2,6,3,1,0,1,1,1,3,1,2,4,3,3,3,2,0,3,3,3,2,2,4,2,1,1,0,1,1,3,3,2,2,3,1,3,4
Fraudes fiscales,0,0,0,0,0,1,0,0,0,0,1,0,0,0,0,0,0,2,0,0,0,0,0,0,0,0,1,0,0,0,0,0,0,0,1,0,0,0,0,0,1,1,0,0,1,0,0,0,0,0,0,0,0,0,0,1,0,0,0,0,0,1,0,1,0,0,1,2,0,1,0,2,0,1,0,1,1,0,0,0,0,0,1,0,1,0,0,1,0,0,0,0,0,0,1,1,0,0,0,0,0,0,0,0,0,1,0,0
Autres délits économiques et financiers,1,0,0,0,1,2,0,0,0,3,2,1,1,2,1,0,4,1,2,2,6,3,1,1,3,0,1,1,1,2,0,2,0,2,2,0,1,0,3,2,0,0,0,1,1,0,0,1,1,2,3,1,0,1,1,1,0,2,0,0,1,3,1,1,1,1,1,1,0,1,1,1,0,1,0,3,1,0,2,1,1,4,1,0,0,1,1,1,2,1,1,0,2,1,5,1,4,3,2,0,0,2,3,0,0,3,2,1
Autres délits,95,98,90,89,82,90,97,96,52,46,83,80,62,67,84,86,75,100,81,76,89,101,86,93,89,86,102,96,75,96,84,83,87,102,74,88,55,75,88,87,67,84,69,70,72,84,69,69,78,63,80,58,84,79,80,81,51,86,63,67,68,73,84,78,70,88,79,72,84,93,96,102,88,66,84,63,57,65,80,70,88,84,73,86,80,64,74,89,48,75,79,70,73,74,92,74,58,82,81,58,72,74,71,66,62,78,53,65
